Fox,17473
Victor,16978
Bruce,16567
Shila,12868
Kim,9941
Nijole,8363
Vincent,8354
George,7738
Kenneth,6766
Jennifer,6679
Sunil,6459
Eric,5887
Ed,5800
Rob,5511
Dominik,5434
Misha,5163
Michael,5061
Stefany,5014
Jess,5002
Hannah,4994
Neal,4967
Ralph,4883
Phil,4478
Alden,4408
Tina,4386
Toshimune,4357
Daniel,4333
Karen,4274
Kenny,4250
David,4216
Denise,4212
Jando,4207
Jennifer,4190
Anita,4157
Ian,4136
Marqus,4112
Ken,3986
Steph,3960
PatrickJ,3775
Nicole,3719
Franklin,3683
Hen,3614
Yonnie,3521
Nadine,3499
Curt,3397
Sadri,3381
Dave,3362
Brenda,3348
Amy,3335
Evan,3332
